[
  {
    "id": "1",
    "title": "Perfect Perfume & Cologne",
    "text": "Michele seemed to say, was the 21st-century Gucci girl, an eccentric, fresh-faced weirdo who wasn’t afraid to wear backless fur-lined loafers, to personify the idea of “ugly pretty.",
    "image": "/assets/images/blog/post-thumbnail-1-370x200.png",
    "url": "/blog/post-left-sidebar",
    "date": "june 5, 2020"
  },
  {
    "id": "2",
    "title": "Shirt Color Picking Guide",
    "text": "Michele seemed to say, was the 21st-century Gucci girl, an eccentric, fresh-faced weirdo who wasn’t afraid to wear backless fur-lined loafers, to personify the idea of “ugly pretty.",
    "image": "/assets/images/blog/post-thumbnail-2-1-370x200.png",
    "url": "/blog/post-left-sidebar",
    "date": "june 5, 2020"
  },
  {
    "id": "3",
    "title": "Chic Fashion Phenomenon",
    "text": "Michele seemed to say, was the 21st-century Gucci girl, an eccentric, fresh-faced weirdo who wasn’t afraid to wear backless fur-lined loafers, to personify the idea of “ugly pretty.",
    "image": "/assets/images/blog/post-thumbnail-8-370x200.png",
    "url": "/blog/post-left-sidebar",
    "date": "june 5, 2020"
  },
  {
    "id": "4",
    "title": "T-Shirts as Minimalist Style",
    "text": "Michele seemed to say, was the 21st-century Gucci girl, an eccentric, fresh-faced weirdo who wasn’t afraid to wear backless fur-lined loafers, to personify the idea of “ugly pretty.",
    "image": "/assets/images/blog/post-thumbnail-370x200.png",
    "url": "/blog/post-left-sidebar",
    "date": "june 5, 2020"
  }
]
