[
  {
    "id": "1",
    "image": "/assets/images/image-slider/1.jpg",
    "url": "/"
  },
  {
    "id": "2",
    "image": "/assets/images/image-slider/2.jpg",
    "url": "/"
  },
  {
    "id": "3",
    "image": "/assets/images/image-slider/3.jpg",
    "url": "/"
  },
  {
    "id": "4",
    "image": "/assets/images/image-slider/4.jpg",
    "url": "/"
  },
  {
    "id": "5",
    "image": "/assets/images/image-slider/5.jpg",
    "url": "/"
  },
  {
    "id": "6",
    "image": "/assets/images/image-slider/6.jpg",
    "url": "/"
  }
]
