[
  {
    "id": "1",
    "image": "/assets/images/hero-slider/hero-slider-one/1.jpg",
    "subtitle": "裝飾瓶",
    "title": "瓶我讓家幸福, <br> 尺寸小, 2支一組",
    "url": "/shop/left-sidebar"
  },
  {
    "id": "2",
    "image": "/assets/images/hero-slider/hero-slider-one/2.jpg",
    "subtitle": "HANDMADE",
    "title": "Large, <br> Food board",
    "url": "/shop/left-sidebar"
  },
  {
    "id": "3",
    "image": "/assets/images/hero-slider/hero-slider-one/3.jpg",
    "subtitle": "ACCESSORIES",
    "title": "Tribeca Hubert, <br> Pendant",
    "url": "/shop/left-sidebar"
  }
]
